canonical_id,domain,authority_version,claimed_by_prs,legacy_aliases,traceability_state
ADM-071,Admin,v1,#318;#450,,MERGED_TO_MAIN
ADM-072,Admin,v1,#318,,MERGED_TO_MAIN
ADM-073,Admin,v1,#318,,MERGED_TO_MAIN
ADM-074,Admin,v1,#222,,MERGED_TO_MAIN
ADM-075,Admin,v1,#222,,MERGED_TO_MAIN
ADM-076,Admin,v1,#222,,MERGED_TO_MAIN
ADM-077,Admin,v1,#324;#439,,MERGED_TO_MAIN
ADM-078,Admin,v1,#224,,MERGED_TO_MAIN
ADM-079,Admin,v1,#224,,MERGED_TO_MAIN
ADM-080,Admin,v1,#243,,MERGED_TO_MAIN
ADM-081,Admin,v1,#243,,MERGED_TO_MAIN
ADM-082,Admin,v1,#243,,MERGED_TO_MAIN
ADM-083,Admin,v1,#241,,MERGED_TO_MAIN
ADM-084,Admin,v1,#368,,MERGED_TO_MAIN
ADM-085,Admin,v1,#422,,MERGED_TO_MAIN
ADM-086,Admin,v1,#410,,MERGED_TO_MAIN
ADM-087,Admin,v1,#434,,MERGED_TO_MAIN
ADM-088,Admin,v1,#368,,MERGED_TO_MAIN
ADM-089,Admin,v1,#368;#370,,MERGED_TO_MAIN
ADM-090,Admin,v1,#368,,MERGED_TO_MAIN
ADM-091,Admin,v1,#238,,MERGED_TO_MAIN
ADM-092,Admin,v1,#238,,MERGED_TO_MAIN
ADM-093,Admin,v1,#238,,MERGED_TO_MAIN
ADM-094,Admin,v1,#373,,MERGED_TO_MAIN
ADM-095,Admin,v1,#358,,MERGED_TO_MAIN
ADM-096,Admin,v1,#358,,MERGED_TO_MAIN
ADM-097,Admin,v1,#421,,MERGED_TO_MAIN
ADM-098,Admin,v1,#409,,MERGED_TO_MAIN
ADM-099,Admin,v1,#417;#441,,MERGED_TO_MAIN
ADM-100,Admin,v1,#368,,MERGED_TO_MAIN
ADM-101,Admin,v1,#368,,MERGED_TO_MAIN
ADM-102,Admin,v1,#368;#370,,MERGED_TO_MAIN
ADM-103,Admin,v1,#437,,MERGED_TO_MAIN
ADM-104,Admin,v1,#437,,MERGED_TO_MAIN
ADM-105,Admin,v1,#434,,MERGED_TO_MAIN
ADM-106,Admin,v1,#235,,MERGED_TO_MAIN
ADM-107,Admin,v1,#233,,MERGED_TO_MAIN
ADM-108,Admin,v1,#406,,MERGED_TO_MAIN
ADM-109,Admin,v1,#419,,MERGED_TO_MAIN
ADM-110,Admin,v1,#368,,MERGED_TO_MAIN
ADM-111,Admin,v1,#368;#370,,MERGED_TO_MAIN
ADM-112,Admin,v1,#368;#370,,MERGED_TO_MAIN
PAT-083,Patient Mobile,v1,#261,PRELIM-2026-09-18:PAT-001,MERGED_TO_MAIN
PAT-084,Patient Mobile,v1,#220,,MERGED_TO_MAIN
PAT-085,Patient Mobile,v1,#220,,MERGED_TO_MAIN
PAT-086,Patient Mobile,v1,#227,,MERGED_TO_MAIN
PAT-087,Patient Mobile,v1,#227,,MERGED_TO_MAIN
PAT-088,Patient Mobile,v1,#227,,MERGED_TO_MAIN
PAT-089,Patient Mobile,v1,#376,,MERGED_TO_MAIN
PAT-090,Patient Mobile,v1,#390,,MERGED_TO_MAIN
PAT-091,Patient Mobile,v1,#227,,MERGED_TO_MAIN
PAT-092,Patient Mobile,v1,#227;#445,,MERGED_TO_MAIN
PAT-093,Patient Mobile,v1,#376,,MERGED_TO_MAIN
PAT-094,Patient Mobile,v1,#390,,MERGED_TO_MAIN
PAT-095,Patient Mobile,v1,#398,,MERGED_TO_MAIN
PAT-096,Patient Mobile,v1,#390,,MERGED_TO_MAIN
PAT-097,Patient Mobile,v1,#314;#450,,MERGED_TO_MAIN
PAT-098,Patient Mobile,v1,#392,,MERGED_TO_MAIN
PAT-099,Patient Mobile,v1,#313;#450,,MERGED_TO_MAIN
PAT-100,Patient Mobile,v1,#227,,MERGED_TO_MAIN
PAT-101,Patient Mobile,v1,#222,,MERGED_TO_MAIN
PAT-102,Patient Mobile,v1,#222,,MERGED_TO_MAIN
PAT-103,Patient Mobile,v1,#222,,MERGED_TO_MAIN
PAT-104,Patient Mobile,v1,#222,,MERGED_TO_MAIN
PAT-105,Patient Mobile,v1,#222,,MERGED_TO_MAIN
PAT-106,Patient Mobile,v1,#382,,MERGED_TO_MAIN
PAT-107,Patient Mobile,v1,#391,,MERGED_TO_MAIN
PAT-108,Patient Mobile,v1,#224,,MERGED_TO_MAIN
PAT-109,Patient Mobile,v1,#224,,MERGED_TO_MAIN
PAT-110,Patient Mobile,v1,#224,,MERGED_TO_MAIN
PAT-111,Patient Mobile,v1,#224,,MERGED_TO_MAIN
PAT-112,Patient Mobile,v1,#224,,MERGED_TO_MAIN
PAT-113,Patient Mobile,v1,#224,,MERGED_TO_MAIN
PAT-114,Patient Mobile,v1,#224,,MERGED_TO_MAIN
PAT-115,Patient Mobile,v1,#224,,MERGED_TO_MAIN
PAT-116,Patient Mobile,v1,#224,,MERGED_TO_MAIN
PAT-117,Patient Mobile,v1,#342;#385,,MERGED_TO_MAIN
PAT-118,Patient Mobile,v1,#224,,MERGED_TO_MAIN
PAT-119,Patient Mobile,v1,#387,,MERGED_TO_MAIN
PAT-120,Patient Mobile,v1,#388,,MERGED_TO_MAIN
PAT-121,Patient Mobile,v1,#389,,MERGED_TO_MAIN
PAT-122,Patient Mobile,v1,#224;#238,,MERGED_TO_MAIN
PAT-123,Patient Mobile,v1,#224,,MERGED_TO_MAIN
PAT-124,Patient Mobile,v1,#243,,MERGED_TO_MAIN
PAT-125,Patient Mobile,v1,#241,,MERGED_TO_MAIN
PAT-126,Patient Mobile,v1,#241,,MERGED_TO_MAIN
PAT-127,Patient Mobile,v1,#241,,MERGED_TO_MAIN
PAT-128,Patient Mobile,v1,#413,,MERGED_TO_MAIN
PAT-129,Patient Mobile,v1,#407;#408;#411,,MERGED_TO_MAIN
PAT-130,Patient Mobile,v1,#411,,MERGED_TO_MAIN
PAT-131,Patient Mobile,v1,#408,,MERGED_TO_MAIN
PAT-132,Patient Mobile,v1,#249,,MERGED_TO_MAIN
PAT-133,Patient Mobile,v1,#245,,MERGED_TO_MAIN
PAT-134,Patient Mobile,v1,#245,,MERGED_TO_MAIN
PAT-135,Patient Mobile,v1,#245,,MERGED_TO_MAIN
PAT-136,Patient Mobile,v1,#359,,MERGED_TO_MAIN
PAT-137,Patient Mobile,v1,#412,,MERGED_TO_MAIN
PAT-138,Patient Mobile,v1,#247,,MERGED_TO_MAIN
PAT-139,Patient Mobile,v1,#247,,MERGED_TO_MAIN
PAT-140,Patient Mobile,v1,#429,,MERGED_TO_MAIN
DOC-053,Doctor Mobile,v1,#230,,MERGED_TO_MAIN
DOC-054,Doctor Mobile,v1,#230;#448,,MERGED_TO_MAIN
DOC-055,Doctor Mobile,v1,#230;#449,,MERGED_TO_MAIN
DOC-056,Doctor Mobile,v1,#230,,MERGED_TO_MAIN
DOC-057,Doctor Mobile,v1,#222;#230,PRELIM-2026-09-18:DOC-004,MERGED_TO_MAIN
DOC-058,Doctor Mobile,v1,#222;#230,PRELIM-2026-09-18:DOC-004,MERGED_TO_MAIN
DOC-059,Doctor Mobile,v1,#224;#230;#265,PRELIM-2026-09-18:DOC-009,MERGED_TO_MAIN
DOC-060,Doctor Mobile,v1,#224;#230;#424;#425,PRELIM-2026-09-18:DOC-010,MERGED_TO_MAIN
DOC-061,Doctor Mobile,v1,#320,,MERGED_TO_MAIN
DOC-062,Doctor Mobile,v1,#227;#230,,MERGED_TO_MAIN
DOC-063,Doctor Mobile,v1,#227,PRELIM-2026-09-18:DOC-027,MERGED_TO_MAIN
DOC-064,Doctor Mobile,v1,#227;#445,PRELIM-2026-09-18:DOC-006,MERGED_TO_MAIN
DOC-065,Doctor Mobile,v1,#227;#449,PRELIM-2026-09-18:DOC-007,MERGED_TO_MAIN
DOC-066,Doctor Mobile,v1,#227;#448,PRELIM-2026-09-18:DOC-005,MERGED_TO_MAIN
DOC-067,Doctor Mobile,v1,#379,,MERGED_TO_MAIN
DOC-068,Doctor Mobile,v1,#377,,MERGED_TO_MAIN
DOC-069,Doctor Mobile,v1,#241,,MERGED_TO_MAIN
DOC-070,Doctor Mobile,v1,#241,,MERGED_TO_MAIN
DOC-071,Doctor Mobile,v1,#241,,MERGED_TO_MAIN
DOC-072,Doctor Mobile,v1,#241,,MERGED_TO_MAIN
DOC-073,Doctor Mobile,v1,#243,,MERGED_TO_MAIN
DOC-074,Doctor Mobile,v1,#243,,MERGED_TO_MAIN
DOC-075,Doctor Mobile,v1,#243,,MERGED_TO_MAIN
DOC-076,Doctor Mobile,v1,#249,,MERGED_TO_MAIN
DOC-077,Doctor Mobile,v1,#252,,MERGED_TO_MAIN
DOC-078,Doctor Mobile,v1,#255,PRELIM-2026-09-18:DOC-018,MERGED_TO_MAIN
DOC-079,Doctor Mobile,v1,#427,,MERGED_TO_MAIN
DOC-080,Doctor Mobile,v1,#383,,MERGED_TO_MAIN
DOC-081,Doctor Mobile,v1,#257,PRELIM-2026-09-18:DOC-024,MERGED_TO_MAIN
DOC-082,Doctor Mobile,v1,#374;#375,,MERGED_TO_MAIN
DOC-083,Doctor Mobile,v1,#247,,MERGED_TO_MAIN
DOC-084,Doctor Mobile,v1,#247,,MERGED_TO_MAIN
DOC-085,Doctor Mobile,v1,#414,,MERGED_TO_MAIN
DOC-086,Doctor Mobile,v1,#373,,MERGED_TO_MAIN
DOC-087,Doctor Mobile,v1,#416,,MERGED_TO_MAIN
DOC-088,Doctor Mobile,v1,#436,,MERGED_TO_MAIN
DOC-089,Doctor Mobile,v1,#378,,MERGED_TO_MAIN
DOC-090,Doctor Mobile,v1,#230;#267,PRELIM-2026-09-18:DOC-002,MERGED_TO_MAIN
PRV-057,Other Provider Mobile,v1,#233,,MERGED_TO_MAIN
PRV-058,Other Provider Mobile,v1,#233,,MERGED_TO_MAIN
PRV-059,Other Provider Mobile,v1,#323;#440,,MERGED_TO_MAIN
PRV-060,Other Provider Mobile,v1,#323;#440,,MERGED_TO_MAIN
PRV-061,Other Provider Mobile,v1,#233,,MERGED_TO_MAIN
PRV-062,Other Provider Mobile,v1,#364,,MERGED_TO_MAIN
PRV-063,Other Provider Mobile,v1,#364,,MERGED_TO_MAIN
PRV-064,Other Provider Mobile,v1,#364,,MERGED_TO_MAIN
PRV-065,Other Provider Mobile,v1,#325;#326,,MERGED_TO_MAIN
PRV-066,Other Provider Mobile,v1,#325,,MERGED_TO_MAIN
PRV-067,Other Provider Mobile,v1,#326,,MERGED_TO_MAIN
PRV-068,Other Provider Mobile,v1,#326,,MERGED_TO_MAIN
PRV-069,Other Provider Mobile,v1,#327,,MERGED_TO_MAIN
PRV-070,Other Provider Mobile,v1,#328,,MERGED_TO_MAIN
PRV-071,Other Provider Mobile,v1,#435,,MERGED_TO_MAIN
PRV-072,Other Provider Mobile,v1,#329,,MERGED_TO_MAIN
PRV-073,Other Provider Mobile,v1,#235,,MERGED_TO_MAIN
PRV-074,Other Provider Mobile,v1,#366,,MERGED_TO_MAIN
PRV-075,Other Provider Mobile,v1,#341;#416,,MERGED_TO_MAIN
PRV-076,Other Provider Mobile,v1,#333,,MERGED_TO_MAIN
PRV-077,Other Provider Mobile,v1,#331,,MERGED_TO_MAIN
PRV-078,Other Provider Mobile,v1,#235,,MERGED_TO_MAIN
PRV-079,Other Provider Mobile,v1,#330,,MERGED_TO_MAIN
PRV-080,Other Provider Mobile,v1,#235,,MERGED_TO_MAIN
PRV-081,Other Provider Mobile,v1,#235,,MERGED_TO_MAIN
PRV-082,Other Provider Mobile,v1,#334;#335;#336;#360,,MERGED_TO_MAIN
PRV-083,Other Provider Mobile,v1,#235,,MERGED_TO_MAIN
PRV-084,Other Provider Mobile,v1,#335;#336;#360,,MERGED_TO_MAIN
PRV-085,Other Provider Mobile,v1,#336;#360,,MERGED_TO_MAIN
PRV-086,Other Provider Mobile,v1,#415,,MERGED_TO_MAIN
PRV-087,Other Provider Mobile,v1,#418,,MERGED_TO_MAIN
PRV-088,Other Provider Mobile,v1,#337,,MERGED_TO_MAIN
PRV-089,Other Provider Mobile,v1,#428,,MERGED_TO_MAIN
PRV-090,Other Provider Mobile,v1,#434,,MERGED_TO_MAIN
PRV-091,Other Provider Mobile,v1,#235,,MERGED_TO_MAIN
PRV-092,Other Provider Mobile,v1,#423,,MERGED_TO_MAIN
BE-001,Backend,v1,#220,,MERGED_TO_MAIN
BE-002,Backend,v1,#227,,MERGED_TO_MAIN
BE-003,Backend,v1,#227,,MERGED_TO_MAIN
BE-004,Backend,v1,#227,,MERGED_TO_MAIN
BE-005,Backend,v1,#340;#376,,MERGED_TO_MAIN
BE-006,Backend,v1,#340;#376;#377,,MERGED_TO_MAIN
BE-007,Backend,v1,#227,,MERGED_TO_MAIN
BE-008,Backend,v1,#224,PRELIM-2026-09-18:DOC-008,MERGED_TO_MAIN
BE-009,Backend,v1,#224,,MERGED_TO_MAIN
BE-010,Backend,v1,#224,,MERGED_TO_MAIN
BE-011,Backend,v1,#222,,MERGED_TO_MAIN
BE-012,Backend,v1,#222,,MERGED_TO_MAIN
BE-013,Backend,v1,#222,,MERGED_TO_MAIN
BE-014,Backend,v1,#222,,MERGED_TO_MAIN
BE-015,Backend,v1,#241,,MERGED_TO_MAIN
BE-016,Backend,v1,#241,,MERGED_TO_MAIN
BE-017,Backend,v1,#241,,MERGED_TO_MAIN
BE-018,Backend,v1,#243,,MERGED_TO_MAIN
BE-019,Backend,v1,#227;#230,,MERGED_TO_MAIN
BE-020,Backend,v1,#220;#238,,MERGED_TO_MAIN
BE-021,Backend,v1,#220,,MERGED_TO_MAIN
BE-022,Backend,v1,#343;#373,,MERGED_TO_MAIN
BE-023,Backend,v1,#245,,MERGED_TO_MAIN
BE-024,Backend,v1,#434,,MERGED_TO_MAIN
BE-025,Backend,v1,#434,,MERGED_TO_MAIN
BE-026,Backend,v1,#238,,MERGED_TO_MAIN
BE-027,Backend,v1,#354;#359,,MERGED_TO_MAIN
BE-028,Backend,v1,#355,,MERGED_TO_MAIN
BE-029,Backend,v1,#357,,MERGED_TO_MAIN
BE-030,Backend,v1,#235,,MERGED_TO_MAIN
BE-031,Backend,v1,#362,,MERGED_TO_MAIN
BE-032,Backend,v1,#360,,MERGED_TO_MAIN
BE-033,Backend,v1,#255,PRELIM-2026-09-18:BE-038,MERGED_TO_MAIN
BE-034,Backend,v1,#427,,MERGED_TO_MAIN
BE-035,Backend,v1,#252,,MERGED_TO_MAIN
BE-036,Backend,v1,#249,,MERGED_TO_MAIN
BE-037,Backend,v1,#257,,MERGED_TO_MAIN
BE-038,Backend,v1,#247,,MERGED_TO_MAIN
BE-039,Backend,v1,#344;#368,,MERGED_TO_MAIN
BE-040,Backend,v1,#437,,MERGED_TO_MAIN
BE-041,Backend,v1,#437,,MERGED_TO_MAIN
BE-042,Backend,v1,#345;#368,,MERGED_TO_MAIN
BE-043,Backend,v1,#338,,MERGED_TO_MAIN
BE-044,Backend,v1,#351;#353;#368,,MERGED_TO_MAIN
BE-045,Backend,v1,#263;#353;#368,,MERGED_TO_MAIN
BE-046,Backend,v1,#352;#358,,MERGED_TO_MAIN
BE-047,Backend,v1,#441,,MERGED_TO_MAIN
BE-048,Backend,v1,#315;#317,,MERGED_TO_MAIN
BE-049,Backend,v1,#220,,MERGED_TO_MAIN
BE-050,Backend,v1,#220,,MERGED_TO_MAIN
BE-051,Backend,v1,#316;#321,,MERGED_TO_MAIN
BE-052,Backend,v1,#220,,MERGED_TO_MAIN
BE-053,Backend,v1,#346;#348;#349,,MERGED_TO_MAIN
BE-054,Backend,v1,#315;#317;#322;#357,,MERGED_TO_MAIN
BE-055,Backend,v1,#349;#368,,MERGED_TO_MAIN
BE-056,Backend,v1,#350;#351;#368,,MERGED_TO_MAIN
