pr_number,github_state,merged,merged_at,authority_row_references,superseded_by_pr
#220,closed,true,2026-09-20T04:30:09Z,8,
#222,closed,true,2026-09-20T04:48:43Z,14,
#224,closed,true,2026-09-20T08:05:36Z,19,
#227,closed,true,2026-09-20T08:38:56Z,16,
#228,closed,false,,0,
#230,closed,true,2026-09-20T15:39:06Z,11,
#233,closed,true,2026-09-20T15:59:21Z,4,
#235,closed,true,2026-09-20T16:25:39Z,8,
#236,closed,false,,0,#233;#235
#238,closed,true,2026-09-20T16:48:04Z,6,
#241,closed,true,2026-09-20T18:49:01Z,11,
#243,closed,true,2026-09-20T19:15:51Z,8,
#245,closed,true,2026-09-20T20:13:04Z,4,
#247,closed,true,2026-09-20T21:48:58Z,5,
#249,closed,true,2026-09-20T22:05:02Z,3,
#252,closed,true,2026-09-20T22:59:30Z,2,
#255,closed,true,2026-09-20T23:07:24Z,2,
#257,closed,true,2026-09-20T23:15:40Z,2,
#261,closed,true,2026-09-20T23:45:37Z,1,
#263,closed,true,2026-09-21T00:07:22Z,1,
#265,closed,true,2026-09-21T00:17:39Z,1,
#267,closed,true,2026-09-21T00:28:01Z,1,
#271,closed,false,,0,#445
#274,closed,false,,0,#448
#275,closed,false,,0,#449
#279,closed,false,,0,#424
#281,closed,false,,0,#320
#283,closed,false,,0,#425
#313,closed,true,2026-09-21T03:05:16Z,1,
#314,closed,true,2026-09-21T03:28:20Z,1,
#315,closed,true,2026-09-21T02:48:50Z,2,
#316,closed,true,2026-09-21T03:09:33Z,1,
#317,closed,true,2026-09-21T11:59:24Z,2,
#318,closed,true,2026-09-21T10:29:26Z,3,
#320,closed,true,2026-09-21T03:27:36Z,1,
#321,closed,true,2026-09-21T10:49:48Z,1,
#322,closed,true,2026-09-21T11:31:54Z,1,
#323,closed,true,2026-09-21T14:33:52Z,2,
#324,closed,true,2026-09-21T14:02:37Z,1,
#325,closed,true,2026-09-21T14:03:08Z,2,
#326,closed,true,2026-09-21T17:20:36Z,3,
#327,closed,true,2026-09-21T17:52:47Z,1,
#328,closed,true,2026-09-21T18:42:21Z,1,
#329,closed,true,2026-09-21T19:21:05Z,1,
#330,closed,true,2026-09-21T21:09:48Z,1,
#331,closed,true,2026-09-22T00:44:10Z,1,
#333,closed,true,2026-09-22T01:51:36Z,1,
#334,closed,true,2026-09-22T01:09:37Z,1,
#335,closed,true,2026-09-22T01:17:34Z,2,
#336,closed,true,2026-09-22T01:35:29Z,3,
#337,closed,true,2026-09-22T02:38:28Z,1,
#338,closed,true,2026-09-22T01:55:00Z,1,
#340,closed,true,2026-09-22T03:32:34Z,2,
#341,closed,true,2026-09-22T03:16:39Z,1,
#342,closed,true,2026-09-22T04:16:38Z,1,
#343,closed,true,2026-09-22T08:48:47Z,1,
#344,closed,true,2026-09-22T08:49:05Z,1,
#345,closed,true,2026-09-22T08:49:31Z,1,
#346,closed,true,2026-09-22T09:05:52Z,1,
#348,closed,true,2026-09-22T09:30:36Z,1,
#349,closed,true,2026-09-22T10:01:52Z,2,
#350,closed,true,2026-09-22T10:10:56Z,1,
#351,closed,true,2026-09-22T10:21:45Z,2,
#352,closed,true,2026-09-22T11:13:13Z,1,
#353,closed,true,2026-09-22T11:39:56Z,2,
#354,closed,true,2026-09-22T12:50:47Z,1,
#355,closed,true,2026-09-22T14:18:03Z,1,
#357,closed,true,2026-09-22T14:30:35Z,2,
#358,closed,true,2026-09-22T14:49:35Z,3,
#359,closed,true,2026-09-22T14:50:47Z,2,
#360,closed,true,2026-09-22T14:59:05Z,4,
#362,closed,true,2026-09-22T15:33:24Z,1,
#364,closed,true,2026-09-22T16:03:30Z,3,
#366,closed,true,2026-09-22T16:49:47Z,1,
#368,closed,true,2026-09-22T17:56:21Z,16,
#370,closed,true,2026-09-22T20:03:55Z,4,
#373,closed,true,2026-09-22T20:35:15Z,3,
#374,closed,true,2026-09-22T21:00:03Z,1,
#375,closed,true,2026-09-22T23:11:48Z,1,
#376,closed,true,2026-09-22T22:30:12Z,4,
#377,closed,true,2026-09-22T23:24:57Z,2,
#378,closed,true,2026-09-22T22:53:11Z,1,
#379,closed,true,2026-09-22T23:27:22Z,1,
#382,closed,true,2026-09-23T00:36:22Z,1,
#383,closed,true,2026-09-23T00:52:02Z,1,
#385,closed,true,2026-09-23T01:22:51Z,1,
#387,closed,true,2026-09-23T01:38:50Z,1,
#388,closed,true,2026-09-23T02:22:45Z,1,
#389,closed,true,2026-09-23T02:38:12Z,1,
#390,closed,true,2026-09-23T02:38:16Z,3,
#391,closed,true,2026-09-23T02:38:20Z,1,
#392,closed,true,2026-09-23T02:47:00Z,1,
#398,closed,true,2026-09-23T11:00:45Z,1,
#406,closed,true,2026-09-23T23:06:15Z,1,
#407,closed,true,2026-09-23T23:27:48Z,1,
#408,closed,true,2026-09-23T23:37:09Z,2,
#409,closed,true,2026-09-24T00:24:01Z,1,
#410,closed,true,2026-09-24T00:46:32Z,1,
#411,closed,true,2026-09-24T00:06:06Z,2,
#412,closed,true,2026-09-24T01:04:19Z,1,
#413,closed,true,2026-09-24T01:13:29Z,1,
#414,closed,true,2026-09-24T01:38:39Z,1,
#415,closed,true,2026-09-24T01:55:57Z,1,
#416,closed,true,2026-09-24T02:03:11Z,2,
#417,closed,true,2026-09-24T02:56:47Z,1,
#418,closed,true,2026-09-24T02:38:10Z,1,
#419,closed,true,2026-09-24T03:27:10Z,1,
#421,closed,true,2026-09-24T03:26:49Z,1,
#422,closed,true,2026-09-24T10:59:45Z,1,
#423,closed,true,2026-09-24T11:24:29Z,1,
#424,closed,true,2026-09-24T12:17:44Z,1,
#425,closed,true,2026-09-24T12:27:12Z,1,
#427,closed,true,2026-09-24T14:23:55Z,2,
#428,closed,true,2026-09-24T15:08:15Z,1,
#429,closed,true,2026-09-24T15:17:30Z,1,
#434,closed,true,2026-09-24T21:47:08Z,5,
#435,closed,true,2026-09-24T22:17:19Z,1,
#436,closed,true,2026-09-25T02:09:14Z,1,
#437,closed,true,2026-09-25T10:46:08Z,4,
#439,closed,true,2026-09-25T10:45:49Z,1,
#440,closed,true,2026-09-25T11:49:05Z,2,
#441,closed,true,2026-09-25T12:28:41Z,2,
#445,closed,true,2026-09-26T02:03:19Z,2,
#448,closed,true,2026-09-26T02:35:19Z,2,
#449,closed,true,2026-09-26T03:04:40Z,2,
#450,closed,true,2026-09-26T03:21:55Z,3,
